"id","name","slug","status","scientific_name","ingredient_category","image_url","featured_image","rating","evidence_level","origin_country","part_used","ingredient_form","taste_profile","typical_dose","best_for","safety_level","short_description","full_description","overview_content","how_it_works_content","interesting_fact","benefits","benefits_json","side_effects","side_effects_json","drug_interactions_json","who_should_avoid_json","faq_json","related_ingredients_json","related_products","dosage","scientific_notes","seo_title","seo_description","meta_title","meta_description","is_featured","created_at","updated_at","deleted_at"
"","5-HTP","5-htp","published","5-Hydroxytryptophan","Amino Acids","https://suppriva.vercel.app/assets/hero-supplements.webp","https://suppriva.vercel.app/assets/hero-supplements.webp","4.4","Limited","West Africa","Seed extract derivative","Capsule","Neutral","50 to 200 mg daily","Mood and sleep routine support","Use carefully with serotonin-active medications","A serotonin precursor ingredient often used in mood and bedtime support formulas.","5-HTP is commonly positioned in supplements that target mood balance, emotional resilience, and bedtime routines. It is usually derived from Griffonia simplicifolia seeds and is often compared by serving size, timing, and whether the formula is stacked with magnesium, melatonin, or calming botanicals.","Supplement shoppers usually look at 5-HTP when they want a direct precursor to serotonin in a more focused formula than a broad herbal blend. The ingredient appears in evening products, mood support stacks, and stress-management supplements where calm, relaxation, or sleep quality are part of the positioning.","5-HTP is discussed as a metabolic precursor to serotonin, which is why it shows up in formulas aimed at mood and sleep routines. In practice, shoppers compare dose strength, nighttime tolerance, and medication compatibility before using it consistently.","5-HTP is most often sourced from Griffonia simplicifolia, a climbing plant native to West Africa.","Mood routine support; Bedtime support","[{""description"":""Often used in supplement routines built around emotional balance and a steadier sense of calm."",""title"":""Mood routine support""},{""description"":""Frequently included in nighttime formulas that aim to support relaxation and smoother sleep preparation."",""title"":""Bedtime support""}]","Nausea; Vivid dreams","[{""description"":""Digestive discomfort can appear when the dose is introduced too quickly or taken without enough tolerance."",""title"":""Nausea""},{""description"":""Some users notice stronger dream recall or next-morning grogginess depending on timing and dose."",""title"":""Vivid dreams""}]","[""SSRIs and SNRIs"",""MAO inhibitors"",""Other serotonin-active supplements""]","[""People using antidepressants without medical supervision"",""Individuals with a history of serotonin syndrome"",""Pregnant or breastfeeding individuals unless advised by a clinician""]","[{""question"":""When is 5-HTP usually taken?"",""answer"":""Many users choose evening timing, but the ideal routine depends on the formula, the dose, and personal tolerance.""},{""question"":""What should I compare on a 5-HTP label?"",""answer"":""Look at milligrams per serving, capsule count, complementary ingredients, and any usage warnings related to medications.""}]","[{""slug"":""l-theanine"",""name"":""L-Theanine""},{""slug"":""ashwagandha"",""name"":""Ashwagandha""}]","","50 to 200 mg daily","5-HTP is discussed as a metabolic precursor to serotonin, which is why it shows up in formulas aimed at mood and sleep routines. In practice, shoppers compare dose strength, nighttime tolerance, and medication compatibility before using it consistently.","5-HTP Benefits, Dosage and Safety | Suppriva","Learn how 5-HTP is used for mood and sleep support, what dosage ranges look like, and which supplement safety points matter most.","5-HTP Benefits, Dosage and Safety | Suppriva","Learn how 5-HTP is used for mood and sleep support, what dosage ranges look like, and which supplement safety points matter most.","false","","",""
"","Ashwagandha","ashwagandha","published","Withania somnifera","Adaptogens","https://suppriva.vercel.app/assets/hero-supplements.webp","https://suppriva.vercel.app/assets/hero-supplements.webp","4.8","Moderate","India","Root","Standardized extract","Earthy and slightly bitter","300 to 600 mg daily","Stress resilience and sleep support","Use with guidance if pregnant or taking thyroid medication","A classic adaptogenic herb used for stress support, calm, and sleep quality.","Ashwagandha is one of the most recognized adaptogenic ingredients in wellness supplements. It is commonly used to support balanced stress response, evening relaxation, recovery, and overall resilience during demanding routines.","Ashwagandha has a long history of use in Ayurvedic practice and is now widely included in modern capsules, powders, and gummies. Buyers often look for standardized extracts that clearly list withanolide content and daily serving size.","Ashwagandha is generally described as an adaptogen that may help the body respond to everyday stressors. Research interest centers on stress physiology, sleep quality, recovery, and subjective wellbeing measures.","KSM-66 and Sensoril are two branded ashwagandha extracts commonly discussed in supplement comparisons.","Stress resilience; Sleep quality support","[{""description"":""Often used in daily wellness routines focused on calmer energy and better recovery from demanding schedules."",""title"":""Stress resilience""},{""description"":""Frequently paired with magnesium or theanine in evening formulas that aim to support restful sleep."",""title"":""Sleep quality support""}]","Digestive discomfort; Drowsiness","[{""description"":""Some users report mild stomach upset, especially when first introducing the ingredient."",""title"":""Digestive discomfort""},{""description"":""Its calming profile may feel too relaxing for daytime use in some individuals."",""title"":""Drowsiness""}]","[""Sedative medications"",""Thyroid medications""]","[""Pregnant individuals unless medically advised"",""People with complex endocrine conditions without clinician guidance""]","[{""question"":""When should I take ashwagandha?"",""answer"":""Many people take it in the evening or with meals, but timing depends on the formula and personal routine.""},{""question"":""What should I look for in a supplement?"",""answer"":""Clear extract standardization, brand transparency, and a label that explains dose per serving are useful quality signals.""}]","[{""slug"":""rhodiola-rosea"",""name"":""Rhodiola Rosea""},{""slug"":""l-theanine"",""name"":""L-Theanine""}]","","300 to 600 mg daily","Ashwagandha is generally described as an adaptogen that may help the body respond to everyday stressors. Research interest centers on stress physiology, sleep quality, recovery, and subjective wellbeing measures.","Ashwagandha Benefits, Dosage and Safety | Suppriva","Learn how ashwagandha is used for stress support, sleep quality, dosage planning, and practical supplement safety considerations.","Ashwagandha Benefits, Dosage and Safety | Suppriva","Learn how ashwagandha is used for stress support, sleep quality, dosage planning, and practical supplement safety considerations.","true","","",""
"","Berberine","berberine","published","Berberis aristata extract","Plant Compounds","https://suppriva.vercel.app/assets/hero-supplements.webp","https://suppriva.vercel.app/assets/hero-supplements.webp","4.7","Moderate","India","Root and bark extracts","Capsule extract","Bitter","500 mg with meals one to three times daily","Metabolic wellness support","Use cautiously with medications that affect blood sugar","A plant alkaloid commonly used in metabolic support formulas.","Berberine is often positioned in supplements aimed at metabolic wellness, glucose support, and cardiometabolic routines. It is especially common in capsules marketed for blood sugar balance and body composition goals.","Consumers often compare berberine products by serving size, number of daily capsules, and whether the formula is combined with chromium, cinnamon, or alpha lipoic acid.","Berberine is studied for its role in glucose metabolism and metabolic signaling pathways. Supplement shoppers usually focus on meal timing, total daily dose, and interaction potential with existing medications.","Berberine is known for its bright yellow color and has been used in a range of traditional botanical preparations.","Glucose metabolism support; Metabolic wellness support","[{""description"":""Often chosen by adults researching supplements that fit alongside diet and exercise for metabolic goals."",""title"":""Glucose metabolism support""},{""description"":""Commonly included in routines aimed at supporting healthy lab markers already in range."",""title"":""Metabolic wellness support""}]","Digestive discomfort; Medication interactions","[{""description"":""Some users experience bloating or GI upset, especially at higher starting doses."",""title"":""Digestive discomfort""},{""description"":""Because berberine may influence metabolic pathways, medication review is important."",""title"":""Medication interactions""}]","[""Diabetes medications"",""Blood pressure medications"",""Cyclosporine""]","[""Pregnant or breastfeeding individuals unless medically advised"",""People taking multiple prescription medications without review""]","[{""question"":""Why do many labels suggest taking berberine with meals?"",""answer"":""Meal timing is commonly used to fit metabolic support positioning and improve tolerance.""},{""question"":""Can I stack berberine with other metabolic ingredients?"",""answer"":""Many formulas do, but total ingredient load and medication interactions should be considered carefully.""}]","[{""slug"":""apple-cider-vinegar"",""name"":""Apple Cider Vinegar""},{""slug"":""turmeric-curcumin"",""name"":""Turmeric Curcumin""}]","","500 mg with meals one to three times daily","Berberine is studied for its role in glucose metabolism and metabolic signaling pathways. Supplement shoppers usually focus on meal timing, total daily dose, and interaction potential with existing medications.","Berberine Guide: Benefits, Dosage and Safety | Suppriva","Review berberine benefits, metabolic support uses, daily dosage patterns, and key supplement safety notes.","Berberine Guide: Benefits, Dosage and Safety | Suppriva","Review berberine benefits, metabolic support uses, daily dosage patterns, and key supplement safety notes.","true","","",""
"","Magnesium Glycinate","magnesium-glycinate","published","Magnesium bisglycinate","Minerals","https://suppriva.vercel.app/assets/hero-supplements.webp","https://suppriva.vercel.app/assets/hero-supplements.webp","4.8","Moderate","Global","Mineral chelate","Capsule or powder","Mild","100 to 300 mg elemental magnesium daily","Relaxation and sleep support","Generally well tolerated when label directions are followed","A gentle magnesium form frequently used for relaxation, sleep routines, and muscle function support.","Magnesium glycinate is a popular option for adults who want a well-tolerated magnesium form for calm routines, sleep quality, muscle comfort, and general mineral support.","Labels should be compared by elemental magnesium content, serving size, and whether the product combines magnesium with calming cofactors.","This chelated magnesium form is often selected for its tolerability profile and its use in evening supplements focused on calm and rest.","The glycinate form combines magnesium with glycine, an amino acid often associated with relaxation support.","Relaxation support; Muscle function support","[{""description"":""Commonly used in evening wellness routines aimed at calm and more settled sleep preparation."",""title"":""Relaxation support""},{""description"":""Frequently chosen by active adults looking for mineral support that fits daily recovery goals."",""title"":""Muscle function support""}]","GI discomfort; Excess intake concerns","[{""description"":""Tolerance can vary, especially when serving size is increased too quickly."",""title"":""GI discomfort""},{""description"":""Very high magnesium intake from supplements is unnecessary for most people."",""title"":""Excess intake concerns""}]","[""Certain antibiotics"",""Bisphosphonates""]","""People with severe kidney disease unless medically advised""","[{""question"":""Why does elemental magnesium matter?"",""answer"":""It tells you how much actual magnesium the serving provides rather than only the compound weight.""},{""question"":""Is this better for sleep than other forms?"",""answer"":""Many people choose it for evening use, though the best option depends on tolerance and goals.""}]","[{""slug"":""l-theanine"",""name"":""L-Theanine""},{""slug"":""5-htp"",""name"":""5-HTP""}]","","100 to 300 mg elemental magnesium daily","This chelated magnesium form is often selected for its tolerability profile and its use in evening supplements focused on calm and rest.","Magnesium Glycinate Benefits and Dosage | Suppriva","Learn how magnesium glycinate is used for relaxation, sleep support, muscle function, and everyday mineral routines.","Magnesium Glycinate Benefits and Dosage | Suppriva","Learn how magnesium glycinate is used for relaxation, sleep support, muscle function, and everyday mineral routines.","true","","",""
"","L-Theanine","l-theanine","published","L-theanine","Amino Acids","https://suppriva.vercel.app/assets/hero-supplements.webp","https://suppriva.vercel.app/assets/hero-supplements.webp","4.7","Moderate","Japan","Tea-derived amino acid","Capsule or gummy","Mild and savory","100 to 200 mg daily","Calm focus support","Generally well tolerated for adult use","An amino acid commonly used for calm focus, stress support, and smoother caffeine routines.","L-theanine is naturally associated with tea and is commonly featured in calm focus supplements, nootropic stacks, and relaxation products. It is often paired with caffeine for a steadier energy experience.","Consumers typically compare theanine products by serving size, whether they are chewable or capsule-based, and whether they are combined with magnesium, lemon balm, or caffeine.","L-theanine is often positioned to support relaxed attention and may be used to help smooth the subjective edge of caffeinated routines.","It is one of the few calming ingredients frequently paired with caffeine rather than only bedtime formulas.","Calm focus support; Smooth caffeine experience","[{""description"":""Frequently used in routines that aim to feel productive without a jittery edge."",""title"":""Calm focus support""},{""description"":""Popular in pairings with coffee or energy formulas for a more balanced feel."",""title"":""Smooth caffeine experience""}]","Drowsiness; Sensitivity","[{""description"":""Higher servings may feel too relaxing for some daytime users."",""title"":""Drowsiness""},{""description"":""People vary in how strongly they respond to calm-focused amino acids."",""title"":""Sensitivity""}]","""Sedatives""","""People who already feel unusually sedated from relaxation supplements""","[{""question"":""Can theanine be taken with coffee?"",""answer"":""Yes, that is one of the most common ways it is used in daily routines.""},{""question"":""Is theanine only for sleep?"",""answer"":""No, it is also popular for calm attention and balanced daytime focus.""}]","[{""slug"":""ashwagandha"",""name"":""Ashwagandha""},{""slug"":""rhodiola-rosea"",""name"":""Rhodiola Rosea""}]","","100 to 200 mg daily","L-theanine is often positioned to support relaxed attention and may be used to help smooth the subjective edge of caffeinated routines.","L-Theanine Benefits, Focus Uses and Dosage | Suppriva","Learn how L-theanine is used for calm focus, stress support, sleep routines, and smoother caffeine pairings.","L-Theanine Benefits, Focus Uses and Dosage | Suppriva","Learn how L-theanine is used for calm focus, stress support, sleep routines, and smoother caffeine pairings.","true","","",""
"","Rhodiola Rosea","rhodiola-rosea","published","Rhodiola rosea","Adaptogens","https://suppriva.vercel.app/assets/hero-supplements.webp","https://suppriva.vercel.app/assets/hero-supplements.webp","4.6","Limited","Northern Europe and Asia","Root","Standardized extract","Bitter and floral","200 to 400 mg daily","Stress and fatigue support","Use carefully with stimulating routines and mood-related medications","An adaptogenic root commonly used for stress, stamina, and mental performance support.","Rhodiola rosea appears in supplements aimed at fatigue management, stress resilience, and sharper mental endurance. It is often positioned for demanding work periods, training blocks, and travel-heavy schedules.","Shoppers typically compare rhodiola extracts by rosavin and salidroside standardization, total dose, and whether the ingredient is marketed more for energy, mood, or stress support.","Rhodiola is often discussed as an adaptogen that may help the body manage physical and mental stressors. Supplement buyers usually focus on standardized extract quality and how stimulating the formula feels in practice.","Rhodiola has traditionally been associated with cold-climate regions and demanding environmental conditions.","Fatigue support; Stress resilience","[{""description"":""Commonly selected by adults who want a non-caffeine ingredient for mental and physical stamina routines."",""title"":""Fatigue support""},{""description"":""Often used in daytime adaptogen stacks focused on workload pressure and recovery balance."",""title"":""Stress resilience""}]","Overstimulation; Headache","[{""description"":""Some users feel too alert if the extract is strong or combined with high-caffeine formulas."",""title"":""Overstimulation""},{""description"":""Dose sensitivity can show up as mild headaches in some routines."",""title"":""Headache""}]","[""Stimulants"",""Mood medications""]","[""People with bipolar-spectrum concerns unless medically advised"",""Highly stimulant-sensitive users without dose experimentation""]","[{""question"":""Is rhodiola better in the morning or evening?"",""answer"":""Many people prefer morning or early afternoon use because the ingredient can feel too stimulating later in the day.""},{""question"":""What should I compare on a rhodiola label?"",""answer"":""Standardization details, dose per serving, and how the brand explains intended use are key quality markers.""}]","[{""slug"":""ashwagandha"",""name"":""Ashwagandha""},{""slug"":""l-theanine"",""name"":""L-Theanine""}]","","200 to 400 mg daily","Rhodiola is often discussed as an adaptogen that may help the body manage physical and mental stressors. Supplement buyers usually focus on standardized extract quality and how stimulating the formula feels in practice.","Rhodiola Rosea Benefits, Uses and Dosage | Suppriva","Explore rhodiola rosea for stress resilience, fatigue support, dosage guidance, and practical supplement safety tips.","Rhodiola Rosea Benefits, Uses and Dosage | Suppriva","Explore rhodiola rosea for stress resilience, fatigue support, dosage guidance, and practical supplement safety tips.","false","","",""
"","Lion's Mane","lions-mane","published","Hericium erinaceus","Medicinal Mushrooms","https://suppriva.vercel.app/assets/hero-supplements.webp","https://suppriva.vercel.app/assets/hero-supplements.webp","4.6","Limited","Asia","Fruiting body or mycelium","Capsule or powder","Savory and mild","500 to 2000 mg daily depending on extract style","Cognitive support routines","Generally well tolerated when sourced well","A medicinal mushroom ingredient commonly used in cognitive and focus support formulas.","Lion's mane is popular in modern nootropic and wellness products focused on cognition, clarity, and daily mental performance. It appears in capsules, powders, coffees, and functional blends.","Buyers often compare lion's mane by fruiting body versus mycelium sourcing, extraction method, and beta glucan transparency.","The ingredient is commonly discussed around cognition, nerve-related research interest, and focus support positioning in premium wellness products.","Many lion's mane products emphasize whether the formula uses fruiting body, mycelium, or a blend.","Focus support; Cognitive routine support","[{""description"":""Often featured in workday routines and nootropic stacks built around steady mental performance."",""title"":""Focus support""},{""description"":""Commonly chosen by users interested in long-term brain-focused wellness habits."",""title"":""Cognitive routine support""}]","Digestive discomfort; Mushroom sensitivity","[{""description"":""A small number of users report GI discomfort during initial use."",""title"":""Digestive discomfort""},{""description"":""Anyone with known mushroom sensitivities should review formulas carefully."",""title"":""Mushroom sensitivity""}]","""Consult a clinician when combining with complex neurological medication routines""","""Individuals with known mushroom allergies""","[{""question"":""Why do labels mention fruiting body versus mycelium?"",""answer"":""That distinction is often used as a quality and sourcing signal in mushroom supplements.""},{""question"":""Can lion\u0027s mane be used daily?"",""answer"":""Many users do use it daily, though serving size and formula quality still matter.""}]","[{""slug"":""rhodiola-rosea"",""name"":""Rhodiola Rosea""},{""slug"":""l-theanine"",""name"":""L-Theanine""}]","","500 to 2000 mg daily depending on extract style","The ingredient is commonly discussed around cognition, nerve-related research interest, and focus support positioning in premium wellness products.","Lion's Mane Benefits, Focus Support and Dosage | Suppriva","Review lion's mane benefits, focus support uses, dosing considerations, and practical mushroom label tips.","Lion's Mane Benefits, Focus Support and Dosage | Suppriva","Review lion's mane benefits, focus support uses, dosing considerations, and practical mushroom label tips.","false","","",""
"","Creatine Monohydrate","creatine-monohydrate","published","Creatine monohydrate","Sports Nutrition","https://suppriva.vercel.app/assets/hero-supplements.webp","https://suppriva.vercel.app/assets/hero-supplements.webp","4.9","Strong","Global","Synthesized nutrient compound","Powder","Neutral","3 to 5 g daily","Strength and training performance","Generally well studied for healthy adults when used as directed","A highly researched performance ingredient used for strength, power, and muscle energy support.","Creatine monohydrate is widely used in sports nutrition for strength, lean mass support, muscle energy, and training performance. It is one of the most established staple ingredients in performance supplementation.","Shoppers usually compare creatine by purity, flavor options, micronization, and whether the formula is stand-alone or blended with electrolytes and recovery ingredients.","Creatine helps replenish phosphocreatine stores that support rapid energy output during intense effort. Supplement buyers commonly use it in pre-workout, post-workout, or once-daily routines.","Creatine monohydrate remains the reference form used in most comparison reviews and research summaries.","Strength support; Muscle energy support","[{""description"":""Often used by lifters and active adults focused on better training performance and progression."",""title"":""Strength support""},{""description"":""Positioned to support repeated high effort output during demanding exercise sessions."",""title"":""Muscle energy support""}]","Water retention; Digestive discomfort","[{""description"":""An initial shift in water balance is common and often expected with creatine use."",""title"":""Water retention""},{""description"":""Large single servings may feel heavy for some users, so split dosing can be preferable."",""title"":""Digestive discomfort""}]","""Use caution with nephrotoxic medications under medical guidance""","""Individuals with kidney disease unless medically supervised""","[{""question"":""Do I need a loading phase?"",""answer"":""Some users choose one, but many simply take a smaller daily serving consistently.""},{""question"":""Is monohydrate enough?"",""answer"":""For most shoppers, monohydrate remains the benchmark form for simplicity and value.""}]","[{""slug"":""magnesium-glycinate"",""name"":""Magnesium Glycinate""},{""slug"":""l-theanine"",""name"":""L-Theanine""}]","","3 to 5 g daily","Creatine helps replenish phosphocreatine stores that support rapid energy output during intense effort. Supplement buyers commonly use it in pre-workout, post-workout, or once-daily routines.","Creatine Monohydrate Benefits and Dosage | Suppriva","Explore creatine monohydrate benefits, common dosage guidance, workout use cases, and practical safety notes.","Creatine Monohydrate Benefits and Dosage | Suppriva","Explore creatine monohydrate benefits, common dosage guidance, workout use cases, and practical safety notes.","true","","",""
"","Apple Cider Vinegar","apple-cider-vinegar","published","Fermented Malus domestica vinegar","Digestive Wellness","https://suppriva.vercel.app/assets/hero-supplements.webp","https://suppriva.vercel.app/assets/hero-supplements.webp","4.3","Limited","Global","Fermented apple liquid or powder","Capsule, gummy, or liquid","Sharp and acidic","500 to 1500 mg capsule equivalent or diluted liquid servings","Digestive and appetite-support routines","Acidity matters for teeth, stomach comfort, and medication routines","A popular wellness ingredient used in digestive, appetite, and metabolism-themed formulas.","Apple cider vinegar is widely recognized in wellness culture and often marketed for digestion, appetite awareness, and daily metabolic support. Supplement forms include capsules, gummies, and traditional liquid vinegar preparations.","Practical comparison points include acetic acid positioning, serving format, sugar content in gummies, and whether the formula contains supportive extras like chromium or probiotics.","Apple cider vinegar is typically discussed around acetic acid content, digestive comfort, and the way some users incorporate it into appetite-conscious routines. Format and tolerance often matter more than hype.","Many apple cider vinegar products highlight whether they include ?the mother,? even when sold in capsule or gummy form.","Digestive routine support; Appetite awareness support","[{""description"":""Often used by adults who want a familiar wellness ingredient for meal-time or digestion-focused routines."",""title"":""Digestive routine support""},{""description"":""Frequently positioned in formulas that aim to support satiety-conscious habits and consistency."",""title"":""Appetite awareness support""}]","Stomach discomfort; Tooth enamel concerns","[{""description"":""Its acidic profile can feel harsh for sensitive users, especially in liquid form or without food."",""title"":""Stomach discomfort""},{""description"":""Undiluted liquid vinegar can be rough on enamel if used carelessly over time."",""title"":""Tooth enamel concerns""}]","[""Diabetes medications"",""Potassium-lowering medications""]","[""People with active reflux or ulcer concerns unless medically guided"",""Anyone using the liquid form without dilution discipline""]","[{""question"":""Are gummies the same as liquid apple cider vinegar?"",""answer"":""They are not always equivalent, so sugar content, dose transparency, and acetic acid claims deserve a closer look.""},{""question"":""Why do labels mention ?the mother??"",""answer"":""It is often used as a marketing and identity marker for traditional vinegar sourcing, though the practical value depends on the final formula.""}]","[{""slug"":""berberine"",""name"":""Berberine""},{""slug"":""magnesium-glycinate"",""name"":""Magnesium Glycinate""}]","","500 to 1500 mg capsule equivalent or diluted liquid servings","Apple cider vinegar is typically discussed around acetic acid content, digestive comfort, and the way some users incorporate it into appetite-conscious routines. Format and tolerance often matter more than hype.","Apple Cider Vinegar Benefits, Uses and Safety | Suppriva","Review apple cider vinegar for digestive support, appetite-focused routines, dosing formats, and practical supplement safety.","Apple Cider Vinegar Benefits, Uses and Safety | Suppriva","Review apple cider vinegar for digestive support, appetite-focused routines, dosing formats, and practical supplement safety.","false","","",""
"","Turmeric Curcumin","turmeric-curcumin","published","Curcuma longa extract","Plant Compounds","https://suppriva.vercel.app/assets/hero-supplements.webp","https://suppriva.vercel.app/assets/hero-supplements.webp","4.7","Moderate","India","Rhizome","Capsule extract","Warm and earthy","500 to 1000 mg daily depending on extract standardization","Inflammation-supportive routines","Use carefully with anticoagulant medications","A turmeric-derived compound commonly used in joint, recovery, and healthy inflammation support supplements.","Turmeric curcumin is the concentrated active-compound side of turmeric supplementation and is widely marketed for joint comfort, recovery, and balanced inflammatory response in active lifestyle routines.","Many formulas improve curcumin positioning with black pepper extract, phospholipids, or branded delivery systems designed for better absorption.","Curcumin is often discussed in the context of oxidative stress and inflammatory signaling. Supplement shoppers commonly compare bioavailability technologies when choosing a formula.","Turmeric is a food spice, but concentrated curcumin supplements are formulated very differently from culinary use.","Joint comfort support; Antioxidant support","[{""description"":""Frequently selected in daily routines that focus on movement, comfort, and active recovery."",""title"":""Joint comfort support""},{""description"":""Often positioned as part of broader wellness support for oxidative balance."",""title"":""Antioxidant support""}]","Digestive upset; Medication considerations","[{""description"":""Concentrated extracts can feel strong for users with sensitive digestion."",""title"":""Digestive upset""},{""description"":""Curcumin may not fit every medication routine without review."",""title"":""Medication considerations""}]","[""Blood thinners"",""Antiplatelet medications""]","""People with gallbladder concerns should review use with a clinician""","[{""question"":""Why do labels mention bioavailability?"",""answer"":""Curcumin formulas are often compared by how well they are absorbed and delivered.""},{""question"":""Is turmeric powder the same thing?"",""answer"":""Whole turmeric and concentrated curcumin extracts are related but not identical in formulation or purpose.""}]","[{""slug"":""berberine"",""name"":""Berberine""},{""slug"":""magnesium-glycinate"",""name"":""Magnesium Glycinate""}]","","500 to 1000 mg daily depending on extract standardization","Curcumin is often discussed in the context of oxidative stress and inflammatory signaling. Supplement shoppers commonly compare bioavailability technologies when choosing a formula.","Turmeric Curcumin Benefits, Dosage and Absorption | Suppriva","Explore turmeric curcumin benefits, dosage ranges, absorption strategies, and supplement safety notes.","Turmeric Curcumin Benefits, Dosage and Absorption | Suppriva","Explore turmeric curcumin benefits, dosage ranges, absorption strategies, and supplement safety notes.","true","","",""
